{
  "openapi": "3.0.1",
  "info": {
    "title": "OpenAPI definition",
    "version": "v0"
  },
  "servers": [
    {
      "url": "http://localhost:2222",
      "description": "Generated server url"
    }
  ],
  "tags": [
    {
      "name": "HomeController-API-Docs",
      "description": "It container all controller Rest api Only"
    }
  ],
  "paths": {
    "/putDetails/{id}/{un}": {
      "post": {
        "tags": [
          "HomeController-API-Docs"
        ],
        "operationId": "dummyPUTAPI",
        "parameters": [
          {
            "name": "id",
            "in": "path",
            "required": true,
            "schema": {
              "type": "integer",
              "format": "int32"
            }
          },
          {
            "name": "un",
            "in": "path",
            "required": true,
            "schema": {
              "type": "string"
            }
          }
        ],
        "responses": {
          "200": {
            "description": "OK",
            "content": {
              "*/*": {
                "schema": {
                  "type": "object"
                }
              }
            }
          }
        }
      }
    },
    "/postDetails/{id}": {
      "post": {
        "tags": [
          "HomeController-API-Docs"
        ],
        "operationId": "dummyPOSTAPI",
        "parameters": [
          {
            "name": "id",
            "in": "path",
            "required": true,
            "schema": {
              "type": "integer",
              "format": "int32"
            }
          }
        ],
        "responses": {
          "200": {
            "description": "OK",
            "content": {
              "*/*": {
                "schema": {
                  "type": "object"
                }
              }
            }
          }
        }
      }
    },
    "/getDetails": {
      "get": {
        "tags": [
          "HomeController-API-Docs"
        ],
        "operationId": "dummyGetAPI",
        "responses": {
          "200": {
            "description": "OK",
            "content": {
              "*/*": {
                "schema": {
                  "type": "object"
                }
              }
            }
          }
        }
      }
    }
  },
  "components": {

  }
}