<?xml version="1.0" encoding="UTF-8"?>

<configuration>
	<appender name="file"
		class="ch.qos.logback.core.rolling.RollingFileAppender">
		<file>D:\AllLogs\applog</file>
		<rollingPolicy
			class="ch.qos.logback.core.rolling.TimeBasedRollingPolicy">
			<fileNamePattern>/tmp/logback.%d{yyyy-MM-dd}.%i.log</fileNamePattern>
			<timeBasedFileNamingAndTriggeringPolicy
				class="ch.qos.logback.core.rolling.SizeAndTimeBasedFNATP">
				<maxFileSize>10MB</maxFileSize>
			</timeBasedFileNamingAndTriggeringPolicy>
			<maxHistory>7</maxHistory>
		</rollingPolicy>
		<encoder>
			<pattern>%d{HH:mm:ss.SSS} %-5level %logger{36} - %msg%n</pattern>
			<outputPatternAsHeader>true</outputPatternAsHeader>
		</encoder>
	</appender>
	<root level="info">
		<appender-ref ref="file" />
	</root>
</configuration>